,0
550.L4S88.s.4.sequence,67262.0
550.L4S8.s.4.sequence,56211.0
550.L4S72.s.4.sequence,56116.0
550.L6S172.s.6.sequence,48853.0
550.L4S80.s.4.sequence,48555.0
550.L4S1.s.4.sequence,47302.0
550.L4S16.s.4.sequence,46734.0
550.L4S32.s.4.sequence,46102.0
550.L4S33.s.4.sequence,45651.0
550.L4S46.s.4.sequence,45605.0
550.L6S112.s.6.sequence,45373.0
550.L4S34.s.4.sequence,44543.0
550.L4S26.s.4.sequence,43850.0
550.L4S24.s.4.sequence,43749.0
550.L4S74.s.4.sequence,43686.0
550.L4S3.s.4.sequence,42884.0
550.L4S19.s.4.sequence,42811.0
550.L4S35.s.4.sequence,42770.0
550.L4S134.s.4.sequence,42730.0
550.L4S25.s.4.sequence,42479.0
550.L4S9.s.4.sequence,42307.0
550.L4S56.s.4.sequence,42106.0
550.L4S79.s.4.sequence,42070.0
550.L6S242.s.6.sequence,42049.0
550.L4S41.s.4.sequence,41954.0
550.L4S115.s.4.sequence,41903.0
550.L4S94.s.4.sequence,41790.0
550.L6S117.s.6.sequence,41764.0
550.L4S22.s.4.sequence,41612.0
550.L1S321.s.1.sequence,41551.0
550.L4S31.s.4.sequence,41378.0
550.L6S126.s.6.sequence,41336.0
550.L4S105.s.4.sequence,41214.0
550.L4S18.s.4.sequence,40396.0
550.L4S95.s.4.sequence,40113.0
550.L4S14.s.4.sequence,40010.0
550.L4S98.s.4.sequence,39862.0
550.L4S97.s.4.sequence,39797.0
550.L1S328.s.1.sequence,39781.0
550.L4S93.s.4.sequence,39775.0
550.L4S17.s.4.sequence,39767.0
550.L4S20.s.4.sequence,39716.0
550.L6S177.s.6.sequence,39648.0
550.L4S81.s.4.sequence,39598.0
550.L4S65.s.4.sequence,39460.0
550.L4S27.s.4.sequence,39460.0
550.L4S57.s.4.sequence,39409.0
550.L6S113.s.6.sequence,39367.0
550.L4S2.s.4.sequence,39177.0
550.L4S90.s.4.sequence,38889.0
550.L4S12.s.4.sequence,38830.0
550.L4S60.s.4.sequence,38582.0
550.L4S113.s.4.sequence,38565.0
550.L4S64.s.4.sequence,38557.0
550.L4S48.s.4.sequence,38371.0
550.L1S355.s.1.sequence,38137.0
550.L4S68.s.4.sequence,37717.0
550.L4S83.s.4.sequence,37539.0
550.L1S217.s.1.sequence,37537.0
550.L6S78.s.6.sequence,37460.0
550.L1S305.s.1.sequence,37446.0
550.L4S40.s.4.sequence,37369.0
550.L4S222.s.4.sequence,37331.0
550.L4S111.s.4.sequence,37327.0
550.L6S110.s.6.sequence,37266.0
550.L6S122.s.6.sequence,37237.0
550.L4S30.s.4.sequence,37143.0
550.L6S111.s.6.sequence,36940.0
550.L6S31.s.6.sequence,36917.0
550.L4S92.s.4.sequence,36907.0
550.L6S103.s.6.sequence,36878.0
550.L4S44.s.4.sequence,36761.0
550.L6S127.s.6.sequence,36761.0
550.L4S11.s.4.sequence,36722.0
550.L4S10.s.4.sequence,36670.0
550.L4S15.s.4.sequence,36549.0
550.L4S61.s.4.sequence,36541.0
550.L4S91.s.4.sequence,36389.0
550.L4S69.s.4.sequence,36253.0
550.L1S145.s.1.sequence,36195.0
550.L1S290.s.1.sequence,36101.0
550.L1S41.s.1.sequence,35990.0
550.L6S191.s.6.sequence,35955.0
550.L4S4.s.4.sequence,35893.0
550.L4S36.s.4.sequence,35852.0
550.L6S22.s.6.sequence,35749.0
550.L4S138.s.4.sequence,35745.0
550.L4S129.s.4.sequence,35727.0
550.L6S135.s.6.sequence,35710.0
550.L6S98.s.6.sequence,35655.0
550.L4S47.s.4.sequence,35638.0
550.L2S267.s.2.sequence,35588.0
550.L1S120.s.1.sequence,35398.0
550.L4S73.s.4.sequence,35378.0
550.L6S170.s.6.sequence,35376.0
550.L4S42.s.4.sequence,35233.0
550.L6S101.s.6.sequence,35191.0
550.L4S89.s.4.sequence,35189.0
550.L4S147.s.4.sequence,35150.0
550.L4S137.s.4.sequence,35133.0
550.L4S148.s.4.sequence,35070.0
550.L1S289.s.1.sequence,35001.0
550.L6S138.s.6.sequence,34917.0
550.L4S184.s.4.sequence,34906.0
550.L6S104.s.6.sequence,34891.0
550.L4S82.s.4.sequence,34889.0
550.L4S86.s.4.sequence,34835.0
550.L4S284.s.4.sequence,34832.0
550.L4S126.s.4.sequence,34787.0
550.L4S160.s.4.sequence,34713.0
550.L1S335.s.1.sequence,34712.0
550.L4S78.s.4.sequence,34675.0
550.L4S59.s.4.sequence,34648.0
550.L4S28.s.4.sequence,34572.0
550.L4S67.s.4.sequence,34567.0
550.L6S144.s.6.sequence,34514.0
550.L1S280.s.1.sequence,34382.0
550.L6S136.s.6.sequence,34360.0
550.L2S16.s.2.sequence,34356.0
550.L6S99.s.6.sequence,34332.0
550.L1S218.s.1.sequence,34331.0
550.L4S145.s.4.sequence,34316.0
550.L6S292.s.6.sequence,34295.0
550.L4S5.s.4.sequence,34271.0
550.L1S303.s.1.sequence,34246.0
550.L4S107.s.4.sequence,34217.0
550.L6S102.s.6.sequence,34194.0
550.L1S298.s.1.sequence,34186.0
550.L6S180.s.6.sequence,34184.0
550.L4S53.s.4.sequence,34160.0
550.L4S106.s.4.sequence,34115.0
550.L2S41.s.2.sequence,34099.0
550.L6S6.s.6.sequence,34095.0
550.L4S13.s.4.sequence,34093.0
550.L6S175.s.6.sequence,34056.0
550.L2S24.s.2.sequence,34018.0
550.L4S76.s.4.sequence,34004.0
550.L1S367.s.1.sequence,34004.0
550.L4S206.s.4.sequence,34002.0
550.L4S52.s.4.sequence,33950.0
550.L4S38.s.4.sequence,33923.0
550.L4S103.s.4.sequence,33912.0
550.L4S233.s.4.sequence,33899.0
550.L1S193.s.1.sequence,33790.0
550.L6S118.s.6.sequence,33778.0
550.L6S17.s.6.sequence,33686.0
550.L1S312.s.1.sequence,33676.0
550.L4S209.s.4.sequence,33535.0
550.L1S297.s.1.sequence,33490.0
550.L4S39.s.4.sequence,33472.0
550.L1S296.s.1.sequence,33470.0
550.L4S144.s.4.sequence,33393.0
550.L4S66.s.4.sequence,33381.0
550.L1S294.s.1.sequence,33370.0
550.L1S318.s.1.sequence,33370.0
550.L6S1.s.6.sequence,33346.0
550.L1S330.s.1.sequence,33325.0
550.L6S160.s.6.sequence,33275.0
550.L1S338.s.1.sequence,33274.0
550.L1S225.s.1.sequence,33231.0
550.L6S107.s.6.sequence,33182.0
550.L1S306.s.1.sequence,33171.0
550.L1S307.s.1.sequence,33154.0
550.L1S200.s.1.sequence,33094.0
550.L4S6.s.4.sequence,33044.0
550.L4S114.s.4.sequence,33025.0
550.L4S121.s.4.sequence,32991.0
550.L1S376.s.1.sequence,32989.0
550.L4S77.s.4.sequence,32965.0
550.L1S231.s.1.sequence,32963.0
550.L2S8.s.2.sequence,32929.0
550.L1S201.s.1.sequence,32918.0
550.L1S304.s.1.sequence,32897.0
550.L6S190.s.6.sequence,32891.0
550.L4S51.s.4.sequence,32883.0
550.L1S86.s.1.sequence,32876.0
550.L4S55.s.4.sequence,32865.0
550.L6S157.s.6.sequence,32861.0
550.L4S63.s.4.sequence,32856.0
550.L1S352.s.1.sequence,32853.0
550.L4S186.s.4.sequence,32789.0
550.L1S273.s.1.sequence,32784.0
550.L1S313.s.1.sequence,32742.0
550.L1S361.s.1.sequence,32729.0
550.L1S356.s.1.sequence,32714.0
550.L4S175.s.4.sequence,32698.0
550.L1S199.s.1.sequence,32658.0
550.L1S295.s.1.sequence,32651.0
550.L4S153.s.4.sequence,32620.0
550.L1S320.s.1.sequence,32512.0
550.L6S183.s.6.sequence,32464.0
550.L6S32.s.6.sequence,32452.0
550.L4S23.s.4.sequence,32445.0
550.L4S71.s.4.sequence,32430.0
550.L4S87.s.4.sequence,32421.0
550.L6S120.s.6.sequence,32375.0
550.L4S84.s.4.sequence,32373.0
550.L4S29.s.4.sequence,32342.0
550.L6S329.s.6.sequence,32324.0
550.L4S58.s.4.sequence,32213.0
550.L1S272.s.1.sequence,32192.0
550.L4S185.s.4.sequence,32089.0
550.L1S302.s.1.sequence,32071.0
550.L4S163.s.4.sequence,32047.0
550.L1S226.s.1.sequence,32035.0
550.L4S104.s.4.sequence,32013.0
550.L6S119.s.6.sequence,32003.0
550.L6S303.s.6.sequence,31947.0
550.L4S75.s.4.sequence,31947.0
550.L6S97.s.6.sequence,31941.0
550.L6S109.s.6.sequence,31897.0
550.L6S323.s.6.sequence,31861.0
550.L1S64.s.1.sequence,31855.0
550.L1S314.s.1.sequence,31831.0
550.L4S85.s.4.sequence,31785.0
550.L6S116.s.6.sequence,31725.0
550.L1S360.s.1.sequence,31720.0
550.L4S122.s.4.sequence,31691.0
550.L4S183.s.4.sequence,31687.0
550.L4S193.s.4.sequence,31668.0
550.L6S67.s.6.sequence,31662.0
550.L1S42.s.1.sequence,31622.0
550.L4S49.s.4.sequence,31603.0
550.L4S7.s.4.sequence,31575.0
550.L4S131.s.4.sequence,31561.0
550.L1S344.s.1.sequence,31520.0
550.L1S287.s.1.sequence,31505.0
550.L6S217.s.6.sequence,31488.0
550.L6S63.s.6.sequence,31461.0
550.L4S241.s.4.sequence,31446.0
550.L1S363.s.1.sequence,31438.0
550.L4S166.s.4.sequence,31418.0
550.L4S136.s.4.sequence,31411.0
550.L4S171.s.4.sequence,31376.0
550.L2S95.s.2.sequence,31365.0
550.L6S137.s.6.sequence,31349.0
550.L4S62.s.4.sequence,31341.0
550.L6S59.s.6.sequence,31303.0
550.L6S317.s.6.sequence,31298.0
550.L1S339.s.1.sequence,31289.0
550.L2S1.s.2.sequence,31260.0
550.L2S87.s.2.sequence,31209.0
550.L1S12.s.1.sequence,31190.0
550.L4S165.s.4.sequence,31172.0
550.L1S152.s.1.sequence,31171.0
550.L1S112.s.1.sequence,31083.0
550.L4S199.s.4.sequence,31069.0
550.L4S190.s.4.sequence,31067.0
550.L2S7.s.2.sequence,31064.0
550.L6S159.s.6.sequence,31062.0
550.L4S143.s.4.sequence,31059.0
550.L1S80.s.1.sequence,30983.0
550.L6S121.s.6.sequence,30946.0
550.L4S127.s.4.sequence,30918.0
550.L4S130.s.4.sequence,30886.0
550.L6S330.s.6.sequence,30886.0
550.L6S189.s.6.sequence,30884.0
550.L1S381.s.1.sequence,30834.0
550.L1S286.s.1.sequence,30822.0
550.L6S331.s.6.sequence,30753.0
550.L4S102.s.4.sequence,30750.0
550.L1S329.s.1.sequence,30731.0
550.L1S185.s.1.sequence,30696.0
550.L6S188.s.6.sequence,30692.0
550.L6S8.s.6.sequence,30684.0
550.L1S209.s.1.sequence,30672.0
550.L2S42.s.2.sequence,30627.0
550.L4S54.s.4.sequence,30598.0
550.L6S100.s.6.sequence,30575.0
550.L6S9.s.6.sequence,30551.0
550.L4S217.s.4.sequence,30546.0
550.L6S105.s.6.sequence,30539.0
550.L6S326.s.6.sequence,30538.0
550.L4S208.s.4.sequence,30513.0
550.L1S308.s.1.sequence,30509.0
550.L6S315.s.6.sequence,30508.0
550.L4S162.s.4.sequence,30468.0
550.L2S88.s.2.sequence,30458.0
550.L6S234.s.6.sequence,30394.0
550.L6S289.s.6.sequence,30387.0
550.L1S271.s.1.sequence,30329.0
550.L1S197.s.1.sequence,30328.0
550.L1S97.s.1.sequence,30319.0
550.L4S109.s.4.sequence,30263.0
550.L4S164.s.4.sequence,30176.0
550.L4S123.s.4.sequence,30172.0
550.L4S249.s.4.sequence,30161.0
550.L6S246.s.6.sequence,30160.0
550.L1S121.s.1.sequence,30115.0
550.L6S115.s.6.sequence,30045.0
550.L6S194.s.6.sequence,30041.0
550.L1S291.s.1.sequence,30039.0
550.L1S292.s.1.sequence,30037.0
550.L4S207.s.4.sequence,30036.0
550.L4S139.s.4.sequence,30028.0
550.L4S177.s.4.sequence,30024.0
550.L1S196.s.1.sequence,29978.0
550.L6S42.s.6.sequence,29964.0
550.L6S89.s.6.sequence,29963.0
550.L6S223.s.6.sequence,29959.0
550.L1S311.s.1.sequence,29939.0
550.L1S100.s.1.sequence,29931.0
550.L1S277.s.1.sequence,29922.0
550.L6S123.s.6.sequence,29888.0
550.L1S382.s.1.sequence,29873.0
550.L6S324.s.6.sequence,29867.0
550.L1S194.s.1.sequence,29854.0
550.L6S300.s.6.sequence,29834.0
550.L6S207.s.6.sequence,29809.0
550.L6S301.s.6.sequence,29763.0
550.L6S327.s.6.sequence,29710.0
550.L4S50.s.4.sequence,29696.0
550.L1S285.s.1.sequence,29696.0
550.L1S383.s.1.sequence,29694.0
550.L1S137.s.1.sequence,29689.0
550.L6S4.s.6.sequence,29670.0
550.L1S353.s.1.sequence,29670.0
550.L1S222.s.1.sequence,29645.0
550.L6S280.s.6.sequence,29635.0
550.L6S26.s.6.sequence,29614.0
550.L1S128.s.1.sequence,29597.0
550.L6S90.s.6.sequence,29581.0
550.L6S184.s.6.sequence,29542.0
550.L2S31.s.2.sequence,29503.0
550.L4S216.s.4.sequence,29482.0
550.L1S188.s.1.sequence,29430.0
550.L6S254.s.6.sequence,29416.0
550.L1S336.s.1.sequence,29404.0
550.L6S298.s.6.sequence,29356.0
550.L6S30.s.6.sequence,29354.0
550.L2S89.s.2.sequence,29353.0
550.L1S364.s.1.sequence,29231.0
550.L6S88.s.6.sequence,29220.0
550.L4S172.s.4.sequence,29220.0
550.L6S176.s.6.sequence,29219.0
550.L6S124.s.6.sequence,29217.0
550.L6S179.s.6.sequence,29217.0
550.L6S16.s.6.sequence,29211.0
550.L6S322.s.6.sequence,29177.0
550.L6S213.s.6.sequence,29158.0
550.L1S310.s.1.sequence,29157.0
550.L6S83.s.6.sequence,29153.0
550.L2S43.s.2.sequence,29122.0
550.L1S195.s.1.sequence,29111.0
550.L2S64.s.2.sequence,29085.0
550.L6S114.s.6.sequence,29045.0
550.L1S198.s.1.sequence,29028.0
550.L4S170.s.4.sequence,29012.0
550.L6S132.s.6.sequence,29011.0
550.L6S39.s.6.sequence,28970.0
550.L1S337.s.1.sequence,28962.0
550.L6S297.s.6.sequence,28922.0
550.L4S202.s.4.sequence,28917.0
550.L2S39.s.2.sequence,28916.0
550.L6S143.s.6.sequence,28914.0
550.L1S239.s.1.sequence,28912.0
550.L1S85.s.1.sequence,28900.0
550.L1S186.s.1.sequence,28898.0
550.L2S22.s.2.sequence,28852.0
550.L2S67.s.2.sequence,28845.0
550.L6S58.s.6.sequence,28843.0
550.L6S129.s.6.sequence,28838.0
550.L4S158.s.4.sequence,28824.0
550.L1S136.s.1.sequence,28804.0
550.L4S37.s.4.sequence,28799.0
550.L6S163.s.6.sequence,28782.0
550.L1S2.s.1.sequence,28777.0
550.L1S359.s.1.sequence,28772.0
550.L4S128.s.4.sequence,28762.0
550.L4S169.s.4.sequence,28761.0
550.L2S61.s.2.sequence,28759.0
550.L6S253.s.6.sequence,28748.0
550.L4S187.s.4.sequence,28720.0
550.L1S299.s.1.sequence,28699.0
550.L1S315.s.1.sequence,28693.0
550.L6S164.s.6.sequence,28670.0
550.L6S141.s.6.sequence,28670.0
550.L6S145.s.6.sequence,28646.0
550.L6S215.s.6.sequence,28615.0
550.L6S209.s.6.sequence,28613.0
550.L6S237.s.6.sequence,28595.0
550.L4S191.s.4.sequence,28589.0
550.L6S55.s.6.sequence,28586.0
550.L1S216.s.1.sequence,28569.0
550.L1S207.s.1.sequence,28566.0
550.L4S112.s.4.sequence,28558.0
550.L4S182.s.4.sequence,28548.0
550.L4S265.s.4.sequence,28541.0
550.L6S65.s.6.sequence,28522.0
550.L1S250.s.1.sequence,28511.0
550.L6S128.s.6.sequence,28507.0
550.L2S63.s.2.sequence,28504.0
550.L6S149.s.6.sequence,28487.0
550.L1S108.s.1.sequence,28472.0
550.L1S322.s.1.sequence,28469.0
550.L2S18.s.2.sequence,28466.0
550.L6S311.s.6.sequence,28464.0
550.L6S321.s.6.sequence,28458.0
550.L4S180.s.4.sequence,28435.0
550.L1S358.s.1.sequence,28391.0
550.L1S319.s.1.sequence,28370.0
550.L1S57.s.1.sequence,28364.0
550.L4S110.s.4.sequence,28363.0
550.L1S210.s.1.sequence,28358.0
550.L4S146.s.4.sequence,28353.0
550.L1S350.s.1.sequence,28343.0
550.L6S33.s.6.sequence,28338.0
550.L1S202.s.1.sequence,28330.0
550.L1S345.s.1.sequence,28326.0
550.L6S264.s.6.sequence,28321.0
550.L2S9.s.2.sequence,28314.0
550.L6S139.s.6.sequence,28310.0
550.L4S225.s.4.sequence,28309.0
550.L6S233.s.6.sequence,28307.0
550.L6S222.s.6.sequence,28274.0
550.L6S148.s.6.sequence,28272.0
550.L1S300.s.1.sequence,28246.0
550.L4S133.s.4.sequence,28232.0
550.L6S285.s.6.sequence,28224.0
550.L6S231.s.6.sequence,28191.0
550.L1S351.s.1.sequence,28176.0
550.L4S45.s.4.sequence,28145.0
550.L6S256.s.6.sequence,28127.0
550.L4S279.s.4.sequence,28109.0
550.L6S79.s.6.sequence,28103.0
550.L6S278.s.6.sequence,28086.0
550.L6S161.s.6.sequence,28081.0
550.L6S310.s.6.sequence,28062.0
550.L6S24.s.6.sequence,28045.0
550.L1S187.s.1.sequence,28030.0
550.L6S181.s.6.sequence,28025.0
550.L6S294.s.6.sequence,28012.0
550.L1S275.s.1.sequence,27991.0
550.L6S318.s.6.sequence,27969.0
550.L1S219.s.1.sequence,27969.0
550.L6S174.s.6.sequence,27954.0
550.L4S120.s.4.sequence,27953.0
550.L4S117.s.4.sequence,27914.0
550.L6S152.s.6.sequence,27912.0
550.L4S167.s.4.sequence,27912.0
550.L1S150.s.1.sequence,27911.0
550.L6S151.s.6.sequence,27908.0
550.L1S270.s.1.sequence,27887.0
550.L6S305.s.6.sequence,27881.0
550.L6S316.s.6.sequence,27874.0
550.L4S157.s.4.sequence,27859.0
550.L1S331.s.1.sequence,27848.0
550.L6S202.s.6.sequence,27842.0
550.L6S75.s.6.sequence,27840.0
550.L6S269.s.6.sequence,27838.0
550.L6S279.s.6.sequence,27828.0
550.L2S81.s.2.sequence,27825.0
550.L1S205.s.1.sequence,27822.0
550.L6S51.s.6.sequence,27818.0
550.L1S144.s.1.sequence,27817.0
550.L1S177.s.1.sequence,27811.0
550.L2S32.s.2.sequence,27807.0
550.L4S159.s.4.sequence,27807.0
550.L6S53.s.6.sequence,27805.0
550.L6S153.s.6.sequence,27802.0
550.L1S119.s.1.sequence,27798.0
550.L6S244.s.6.sequence,27783.0
550.L6S155.s.6.sequence,27774.0
550.L6S186.s.6.sequence,27773.0
550.L2S90.s.2.sequence,27765.0
550.L1S251.s.1.sequence,27743.0
550.L6S225.s.6.sequence,27732.0
550.L6S325.s.6.sequence,27731.0
550.L1S208.s.1.sequence,27726.0
550.L6S162.s.6.sequence,27677.0
550.L4S266.s.4.sequence,27676.0
550.L6S125.s.6.sequence,27673.0
550.L4S286.s.4.sequence,27658.0
550.L4S149.s.4.sequence,27654.0
550.L6S319.s.6.sequence,27625.0
550.L1S246.s.1.sequence,27614.0
550.L1S369.s.1.sequence,27596.0
550.L4S214.s.4.sequence,27592.0
550.L1S133.s.1.sequence,27583.0
550.L1S366.s.1.sequence,27563.0
550.L6S187.s.6.sequence,27556.0
550.L1S138.s.1.sequence,27540.0
550.L6S2.s.6.sequence,27534.0
550.L6S216.s.6.sequence,27521.0
550.L6S314.s.6.sequence,27518.0
550.L6S80.s.6.sequence,27514.0
550.L1S206.s.1.sequence,27513.0
550.L2S91.s.2.sequence,27513.0
550.L1S161.s.1.sequence,27501.0
550.L1S282.s.1.sequence,27490.0
550.L1S104.s.1.sequence,27481.0
550.L4S269.s.4.sequence,27466.0
550.L2S15.s.2.sequence,27415.0
550.L6S49.s.6.sequence,27413.0
550.L1S316.s.1.sequence,27401.0
550.L4S116.s.4.sequence,27367.0
550.L6S226.s.6.sequence,27367.0
550.L6S240.s.6.sequence,27366.0
550.L4S132.s.4.sequence,27325.0
550.L6S131.s.6.sequence,27324.0
550.L6S312.s.6.sequence,27322.0
550.L1S249.s.1.sequence,27318.0
550.L2S21.s.2.sequence,27314.0
550.L2S55.s.2.sequence,27313.0
550.L6S307.s.6.sequence,27308.0
550.L1S326.s.1.sequence,27302.0
550.L6S185.s.6.sequence,27290.0
550.L6S227.s.6.sequence,27266.0
550.L6S13.s.6.sequence,27264.0
550.L6S48.s.6.sequence,27247.0
550.L2S3.s.2.sequence,27245.0
550.L6S206.s.6.sequence,27223.0
550.L6S82.s.6.sequence,27219.0
550.L4S198.s.4.sequence,27216.0
550.L1S236.s.1.sequence,27202.0
550.L6S14.s.6.sequence,27197.0
550.L1S237.s.1.sequence,27172.0
550.L6S193.s.6.sequence,27151.0
550.L6S25.s.6.sequence,27146.0
550.L6S229.s.6.sequence,27141.0
550.L6S150.s.6.sequence,27135.0
550.L2S20.s.2.sequence,27119.0
550.L4S43.s.4.sequence,27111.0
550.L6S158.s.6.sequence,27104.0
550.L1S327.s.1.sequence,27077.0
550.L1S122.s.1.sequence,27063.0
550.L1S233.s.1.sequence,27062.0
550.L1S89.s.1.sequence,27060.0
550.L4S258.s.4.sequence,27054.0
550.L1S267.s.1.sequence,27039.0
550.L6S308.s.6.sequence,27038.0
550.L2S92.s.2.sequence,27034.0
550.L6S47.s.6.sequence,27019.0
550.L2S33.s.2.sequence,27015.0
550.L4S256.s.4.sequence,26992.0
550.L1S149.s.1.sequence,26943.0
550.L4S155.s.4.sequence,26908.0
550.L6S56.s.6.sequence,26893.0
550.L6S84.s.6.sequence,26882.0
550.L4S254.s.4.sequence,26837.0
550.L2S17.s.2.sequence,26829.0
550.L6S241.s.6.sequence,26820.0
550.L1S293.s.1.sequence,26815.0
550.L6S293.s.6.sequence,26815.0
550.L1S162.s.1.sequence,26802.0
550.L1S278.s.1.sequence,26796.0
550.L1S341.s.1.sequence,26791.0
550.L6S38.s.6.sequence,26786.0
550.L1S224.s.1.sequence,26782.0
550.L4S179.s.4.sequence,26775.0
550.L1S163.s.1.sequence,26768.0
550.L1S283.s.1.sequence,26756.0
550.L6S283.s.6.sequence,26748.0
550.L1S84.s.1.sequence,26731.0
550.L4S21.s.4.sequence,26726.0
550.L6S201.s.6.sequence,26709.0
550.L6S93.s.6.sequence,26705.0
550.L6S267.s.6.sequence,26701.0
550.L6S166.s.6.sequence,26700.0
550.L6S270.s.6.sequence,26699.0
550.L6S29.s.6.sequence,26698.0
550.L1S72.s.1.sequence,26682.0
550.L4S135.s.4.sequence,26677.0
550.L1S368.s.1.sequence,26675.0
550.L1S362.s.1.sequence,26662.0
550.L6S309.s.6.sequence,26632.0
550.L6S92.s.6.sequence,26629.0
550.L1S301.s.1.sequence,26611.0
550.L4S200.s.4.sequence,26608.0
550.L6S94.s.6.sequence,26603.0
550.L4S142.s.4.sequence,26597.0
550.L2S23.s.2.sequence,26584.0
550.L1S25.s.1.sequence,26540.0
550.L6S21.s.6.sequence,26539.0
550.L1S213.s.1.sequence,26537.0
550.L4S201.s.4.sequence,26534.0
550.L1S203.s.1.sequence,26533.0
550.L4S194.s.4.sequence,26526.0
550.L4S100.s.4.sequence,26520.0
550.L4S287.s.4.sequence,26479.0
550.L1S158.s.1.sequence,26472.0
550.L4S204.s.4.sequence,26468.0
550.L1S130.s.1.sequence,26437.0
550.L6S224.s.6.sequence,26432.0
550.L6S64.s.6.sequence,26428.0
550.L1S340.s.1.sequence,26421.0
550.L6S204.s.6.sequence,26389.0
550.L6S15.s.6.sequence,26366.0
550.L6S299.s.6.sequence,26357.0
550.L6S133.s.6.sequence,26351.0
550.L6S156.s.6.sequence,26351.0
550.L6S70.s.6.sequence,26344.0
550.L6S302.s.6.sequence,26336.0
550.L2S25.s.2.sequence,26334.0
550.L6S236.s.6.sequence,26307.0
550.L6S304.s.6.sequence,26304.0
550.L2S93.s.2.sequence,26295.0
550.L6S287.s.6.sequence,26277.0
550.L6S313.s.6.sequence,26276.0
550.L1S343.s.1.sequence,26248.0
550.L6S277.s.6.sequence,26246.0
550.L6S282.s.6.sequence,26239.0
550.L1S184.s.1.sequence,26235.0
550.L6S296.s.6.sequence,26230.0
550.L6S212.s.6.sequence,26226.0
550.L6S61.s.6.sequence,26223.0
550.L4S152.s.4.sequence,26222.0
550.L6S220.s.6.sequence,26205.0
550.L1S342.s.1.sequence,26186.0
550.L4S161.s.4.sequence,26176.0
550.L6S199.s.6.sequence,26173.0
550.L4S218.s.4.sequence,26141.0
550.L1S254.s.1.sequence,26133.0
550.L6S291.s.6.sequence,26130.0
550.L1S33.s.1.sequence,26121.0
550.L4S101.s.4.sequence,26104.0
550.L6S221.s.6.sequence,26097.0
550.L1S37.s.1.sequence,26086.0
550.L1S240.s.1.sequence,26081.0
550.L6S27.s.6.sequence,26056.0
550.L1S215.s.1.sequence,26053.0
550.L6S171.s.6.sequence,26048.0
550.L1S357.s.1.sequence,26042.0
550.L1S76.s.1.sequence,26038.0
550.L2S47.s.2.sequence,26036.0
550.L6S205.s.6.sequence,26030.0
550.L1S105.s.1.sequence,25990.0
550.L1S189.s.1.sequence,25987.0
550.L6S232.s.6.sequence,25977.0
550.L1S346.s.1.sequence,25974.0
550.L4S119.s.4.sequence,25966.0
550.L6S146.s.6.sequence,25953.0
550.L4S273.s.4.sequence,25944.0
550.L6S106.s.6.sequence,25931.0
550.L1S253.s.1.sequence,25928.0
550.L1S264.s.1.sequence,25919.0
550.L4S189.s.4.sequence,25917.0
550.L1S235.s.1.sequence,25902.0
550.L1S106.s.1.sequence,25881.0
550.L1S114.s.1.sequence,25876.0
550.L1S141.s.1.sequence,25868.0
550.L1S323.s.1.sequence,25864.0
550.L6S200.s.6.sequence,25842.0
550.L1S232.s.1.sequence,25835.0
550.L1S135.s.1.sequence,25830.0
550.L6S66.s.6.sequence,25818.0
550.L1S15.s.1.sequence,25817.0
550.L1S221.s.1.sequence,25813.0
550.L1S74.s.1.sequence,25811.0
550.L6S243.s.6.sequence,25795.0
550.L6S230.s.6.sequence,25792.0
550.L1S21.s.1.sequence,25790.0
550.L6S320.s.6.sequence,25783.0
550.L1S317.s.1.sequence,25770.0
550.L1S261.s.1.sequence,25739.0
550.L1S32.s.1.sequence,25738.0
550.L6S248.s.6.sequence,25704.0
550.L1S332.s.1.sequence,25702.0
550.L1S241.s.1.sequence,25702.0
550.L6S10.s.6.sequence,25682.0
550.L6S44.s.6.sequence,25670.0
550.L1S98.s.1.sequence,25662.0
550.L1S10.s.1.sequence,25653.0
550.L1S243.s.1.sequence,25649.0
550.L6S23.s.6.sequence,25644.0
550.L1S204.s.1.sequence,25644.0
550.L2S60.s.2.sequence,25642.0
550.L4S141.s.4.sequence,25634.0
550.L1S259.s.1.sequence,25621.0
550.L1S266.s.1.sequence,25616.0
550.L6S37.s.6.sequence,25601.0
550.L1S73.s.1.sequence,25593.0
550.L1S238.s.1.sequence,25585.0
550.L1S234.s.1.sequence,25555.0
550.L1S87.s.1.sequence,25543.0
550.L2S29.s.2.sequence,25540.0
550.L2S58.s.2.sequence,25518.0
550.L6S19.s.6.sequence,25515.0
550.L6S74.s.6.sequence,25487.0
550.L1S248.s.1.sequence,25485.0
550.L2S14.s.2.sequence,25467.0
550.L2S65.s.2.sequence,25466.0
550.L1S44.s.1.sequence,25456.0
550.L2S4.s.2.sequence,25455.0
550.L6S198.s.6.sequence,25450.0
550.L1S268.s.1.sequence,25450.0
550.L6S20.s.6.sequence,25440.0
550.L6S286.s.6.sequence,25435.0
550.L6S173.s.6.sequence,25423.0
550.L6S28.s.6.sequence,25387.0
550.L6S274.s.6.sequence,25386.0
550.L1S23.s.1.sequence,25385.0
550.L6S178.s.6.sequence,25381.0
550.L1S147.s.1.sequence,25359.0
550.L4S108.s.4.sequence,25350.0
550.L6S203.s.6.sequence,25345.0
550.L2S57.s.2.sequence,25308.0
550.L6S7.s.6.sequence,25299.0
550.L2S56.s.2.sequence,25261.0
550.L6S81.s.6.sequence,25259.0
550.L6S281.s.6.sequence,25243.0
550.L1S127.s.1.sequence,25243.0
550.L4S118.s.4.sequence,25215.0
550.L6S235.s.6.sequence,25212.0
550.L1S348.s.1.sequence,25209.0
550.L4S156.s.4.sequence,25206.0
550.L6S168.s.6.sequence,25201.0
550.L4S188.s.4.sequence,25188.0
550.L6S247.s.6.sequence,25174.0
550.L6S36.s.6.sequence,25164.0
550.L1S167.s.1.sequence,25155.0
550.L6S257.s.6.sequence,25153.0
550.L1S157.s.1.sequence,25136.0
550.L2S78.s.2.sequence,25136.0
550.L6S40.s.6.sequence,25127.0
550.L4S240.s.4.sequence,25111.0
550.L4S219.s.4.sequence,25099.0
550.L1S40.s.1.sequence,25088.0
550.L4S178.s.4.sequence,25081.0
550.L1S309.s.1.sequence,25077.0
550.L1S88.s.1.sequence,25064.0
550.L1S269.s.1.sequence,25053.0
550.L1S8.s.1.sequence,25037.0
550.L6S87.s.6.sequence,25036.0
550.L6S95.s.6.sequence,25031.0
550.L1S333.s.1.sequence,25031.0
550.L1S191.s.1.sequence,25004.0
550.L6S154.s.6.sequence,24982.0
550.L6S263.s.6.sequence,24963.0
550.L1S220.s.1.sequence,24957.0
550.L1S212.s.1.sequence,24955.0
550.L2S62.s.2.sequence,24947.0
550.L6S134.s.6.sequence,24911.0
550.L4S278.s.4.sequence,24910.0
550.L2S66.s.2.sequence,24908.0
550.L4S252.s.4.sequence,24901.0
550.L6S214.s.6.sequence,24898.0
550.L2S86.s.2.sequence,24894.0
550.L1S380.s.1.sequence,24885.0
550.L2S53.s.2.sequence,24882.0
550.L1S77.s.1.sequence,24862.0
550.L6S239.s.6.sequence,24856.0
550.L1S36.s.1.sequence,24800.0
550.L2S6.s.2.sequence,24795.0
550.L2S50.s.2.sequence,24777.0
550.L6S46.s.6.sequence,24768.0
550.L6S284.s.6.sequence,24713.0
550.L1S176.s.1.sequence,24695.0
550.L1S129.s.1.sequence,24691.0
550.L1S371.s.1.sequence,24649.0
550.L6S261.s.6.sequence,24618.0
550.L2S2.s.2.sequence,24613.0
550.L1S66.s.1.sequence,24609.0
550.L6S218.s.6.sequence,24602.0
550.L1S168.s.1.sequence,24562.0
550.L6S255.s.6.sequence,24560.0
550.L6S196.s.6.sequence,24546.0
550.L1S279.s.1.sequence,24505.0
550.L1S140.s.1.sequence,24491.0
550.L2S36.s.2.sequence,24491.0
550.L6S195.s.6.sequence,24483.0
550.L6S252.s.6.sequence,24469.0
550.L1S223.s.1.sequence,24457.0
550.L1S378.s.1.sequence,24449.0
550.L6S259.s.6.sequence,24447.0
550.L1S349.s.1.sequence,24445.0
550.L1S159.s.1.sequence,24434.0
550.L6S167.s.6.sequence,24433.0
550.L6S260.s.6.sequence,24411.0
550.L1S92.s.1.sequence,24375.0
550.L6S34.s.6.sequence,24371.0
550.L6S3.s.6.sequence,24362.0
550.L1S365.s.1.sequence,24360.0
550.L6S147.s.6.sequence,24355.0
550.L2S69.s.2.sequence,24347.0
550.L1S132.s.1.sequence,24344.0
550.L1S347.s.1.sequence,24342.0
550.L6S50.s.6.sequence,24339.0
550.L2S51.s.2.sequence,24338.0
550.L1S334.s.1.sequence,24336.0
550.L2S45.s.2.sequence,24330.0
550.L1S154.s.1.sequence,24324.0
550.L1S354.s.1.sequence,24319.0
550.L2S94.s.2.sequence,24318.0
550.L6S266.s.6.sequence,24315.0
550.L1S9.s.1.sequence,24311.0
550.L1S258.s.1.sequence,24287.0
550.L1S228.s.1.sequence,24276.0
550.L6S60.s.6.sequence,24273.0
550.L2S49.s.2.sequence,24267.0
550.L1S53.s.1.sequence,24250.0
550.L6S18.s.6.sequence,24244.0
550.L1S49.s.1.sequence,24215.0
550.L1S43.s.1.sequence,24205.0
550.L1S126.s.1.sequence,24196.0
550.L6S272.s.6.sequence,24145.0
550.L1S113.s.1.sequence,24139.0
550.L4S248.s.4.sequence,24094.0
550.L6S35.s.6.sequence,24087.0
550.L6S245.s.6.sequence,24085.0
550.L4S124.s.4.sequence,24080.0
550.L4S176.s.4.sequence,24079.0
550.L2S44.s.2.sequence,24039.0
550.L2S75.s.2.sequence,24029.0
550.L1S179.s.1.sequence,24022.0
550.L4S271.s.4.sequence,24005.0
550.L1S164.s.1.sequence,24004.0
550.L1S190.s.1.sequence,23994.0
550.L6S45.s.6.sequence,23992.0
550.L1S143.s.1.sequence,23989.0
550.L1S183.s.1.sequence,23976.0
550.L6S211.s.6.sequence,23972.0
550.L4S257.s.4.sequence,23963.0
550.L4S263.s.4.sequence,23959.0
550.L1S214.s.1.sequence,23945.0
550.L1S38.s.1.sequence,23898.0
550.L1S111.s.1.sequence,23870.0
550.L6S210.s.6.sequence,23869.0
550.L1S325.s.1.sequence,23844.0
550.L1S16.s.1.sequence,23820.0
550.L4S275.s.4.sequence,23818.0
550.L1S276.s.1.sequence,23812.0
550.L6S165.s.6.sequence,23806.0
550.L1S65.s.1.sequence,23802.0
550.L6S228.s.6.sequence,23800.0
550.L4S255.s.4.sequence,23782.0
550.L1S242.s.1.sequence,23750.0
550.L6S169.s.6.sequence,23748.0
550.L1S60.s.1.sequence,23690.0
550.L2S73.s.2.sequence,23688.0
550.L1S14.s.1.sequence,23682.0
550.L4S195.s.4.sequence,23678.0
550.L6S76.s.6.sequence,23670.0
550.L6S275.s.6.sequence,23666.0
550.L1S101.s.1.sequence,23661.0
550.L6S41.s.6.sequence,23656.0
550.L1S45.s.1.sequence,23654.0
550.L1S160.s.1.sequence,23648.0
550.L1S155.s.1.sequence,23615.0
550.L2S35.s.2.sequence,23571.0
550.L6S208.s.6.sequence,23537.0
550.L1S156.s.1.sequence,23523.0
550.L1S102.s.1.sequence,23522.0
550.L1S95.s.1.sequence,23511.0
550.L1S153.s.1.sequence,23505.0
550.L6S68.s.6.sequence,23501.0
550.L1S39.s.1.sequence,23493.0
550.L6S306.s.6.sequence,23467.0
550.L2S19.s.2.sequence,23462.0
550.L4S174.s.4.sequence,23441.0
550.L1S165.s.1.sequence,23417.0
550.L1S262.s.1.sequence,23415.0
550.L1S284.s.1.sequence,23409.0
550.L4S140.s.4.sequence,23371.0
550.L2S70.s.2.sequence,23364.0
550.L6S276.s.6.sequence,23325.0
550.L2S13.s.2.sequence,23282.0
550.L4S125.s.4.sequence,23279.0
550.L1S229.s.1.sequence,23277.0
550.L2S11.s.2.sequence,23272.0
550.L1S260.s.1.sequence,23201.0
550.L1S67.s.1.sequence,23170.0
550.L2S77.s.2.sequence,23161.0
550.L6S5.s.6.sequence,23160.0
550.L2S74.s.2.sequence,23135.0
550.L6S258.s.6.sequence,23130.0
550.L1S50.s.1.sequence,23053.0
550.L1S71.s.1.sequence,22991.0
550.L6S271.s.6.sequence,22988.0
550.L1S83.s.1.sequence,22954.0
550.L4S151.s.4.sequence,22953.0
550.L1S59.s.1.sequence,22952.0
550.L2S48.s.2.sequence,22917.0
550.L6S71.s.6.sequence,22901.0
550.L1S28.s.1.sequence,22898.0
550.L4S150.s.4.sequence,22886.0
550.L4S154.s.4.sequence,22884.0
550.L6S290.s.6.sequence,22862.0
550.L1S118.s.1.sequence,22861.0
550.L6S11.s.6.sequence,22853.0
550.L1S142.s.1.sequence,22851.0
550.L4S221.s.4.sequence,22818.0
550.L6S142.s.6.sequence,22815.0
550.L2S26.s.2.sequence,22802.0
550.L4S181.s.4.sequence,22755.0
550.L1S68.s.1.sequence,22744.0
550.L1S244.s.1.sequence,22740.0
550.L4S283.s.4.sequence,22735.0
550.L1S131.s.1.sequence,22725.0
550.L2S83.s.2.sequence,22700.0
550.L1S181.s.1.sequence,22692.0
550.L1S370.s.1.sequence,22673.0
550.L6S268.s.6.sequence,22658.0
550.L4S253.s.4.sequence,22654.0
550.L1S24.s.1.sequence,22614.0
550.L1S324.s.1.sequence,22593.0
550.L6S73.s.6.sequence,22570.0
550.L6S72.s.6.sequence,22570.0
550.L1S19.s.1.sequence,22550.0
550.L2S54.s.2.sequence,22541.0
550.L2S46.s.2.sequence,22501.0
550.L1S116.s.1.sequence,22500.0
550.L2S59.s.2.sequence,22499.0
550.L4S270.s.4.sequence,22487.0
550.L6S251.s.6.sequence,22478.0
550.L1S256.s.1.sequence,22465.0
550.L6S85.s.6.sequence,22439.0
550.L6S182.s.6.sequence,22407.0
550.L1S245.s.1.sequence,22387.0
550.L4S274.s.4.sequence,22350.0
550.L6S262.s.6.sequence,22323.0
550.L1S94.s.1.sequence,22303.0
550.L1S34.s.1.sequence,22264.0
550.L1S17.s.1.sequence,22206.0
550.L1S54.s.1.sequence,22182.0
550.L1S35.s.1.sequence,22181.0
550.L4S246.s.4.sequence,22179.0
550.L4S228.s.4.sequence,22161.0
550.L1S134.s.1.sequence,22135.0
550.L4S173.s.4.sequence,22119.0
550.L6S54.s.6.sequence,22109.0
550.L1S52.s.1.sequence,22056.0
550.L2S12.s.2.sequence,22055.0
550.L4S203.s.4.sequence,22041.0
550.L1S46.s.1.sequence,22033.0
550.L1S178.s.1.sequence,21999.0
550.L1S56.s.1.sequence,21987.0
550.L6S140.s.6.sequence,21975.0
550.L6S250.s.6.sequence,21965.0
550.L2S82.s.2.sequence,21951.0
550.L1S139.s.1.sequence,21933.0
550.L2S52.s.2.sequence,21902.0
550.L4S262.s.4.sequence,21882.0
550.L1S148.s.1.sequence,21865.0
550.L2S72.s.2.sequence,21859.0
550.L6S265.s.6.sequence,21858.0
550.L6S86.s.6.sequence,21765.0
550.L1S109.s.1.sequence,21765.0
550.L6S91.s.6.sequence,21731.0
550.L6S219.s.6.sequence,21709.0
550.L1S13.s.1.sequence,21707.0
550.L1S166.s.1.sequence,21644.0
550.L2S5.s.2.sequence,21627.0
550.L1S93.s.1.sequence,21581.0
550.L6S249.s.6.sequence,21570.0
550.L1S75.s.1.sequence,21566.0
550.L1S78.s.1.sequence,21480.0
550.L4S282.s.4.sequence,21456.0
550.L2S40.s.2.sequence,21444.0
550.L6S77.s.6.sequence,21353.0
550.L1S252.s.1.sequence,21341.0
550.L4S261.s.4.sequence,21336.0
550.L4S259.s.4.sequence,21292.0
550.L1S70.s.1.sequence,21289.0
550.L1S170.s.1.sequence,21282.0
550.L1S115.s.1.sequence,21264.0
550.L1S263.s.1.sequence,21256.0
550.L1S103.s.1.sequence,21251.0
550.L1S281.s.1.sequence,21230.0
550.L2S240.s.2.sequence,21219.0
550.L1S255.s.1.sequence,21210.0
550.L2S28.s.2.sequence,21188.0
550.L1S182.s.1.sequence,21171.0
550.L1S117.s.1.sequence,21169.0
550.L4S260.s.4.sequence,21160.0
550.L1S173.s.1.sequence,21157.0
550.L1S30.s.1.sequence,21135.0
550.L6S69.s.6.sequence,21103.0
550.L4S70.s.4.sequence,21100.0
550.L2S216.s.2.sequence,21095.0
550.L1S99.s.1.sequence,21087.0
550.L1S69.s.1.sequence,21067.0
550.L1S62.s.1.sequence,21017.0
550.L2S68.s.2.sequence,21002.0
550.L1S20.s.1.sequence,20990.0
550.L4S223.s.4.sequence,20916.0
550.L1S48.s.1.sequence,20866.0
550.L1S26.s.1.sequence,20817.0
550.L1S11.s.1.sequence,20802.0
550.L1S146.s.1.sequence,20792.0
550.L2S38.s.2.sequence,20778.0
550.L1S61.s.1.sequence,20717.0
550.L4S250.s.4.sequence,20714.0
550.L1S174.s.1.sequence,20702.0
550.L6S197.s.6.sequence,20645.0
550.L1S107.s.1.sequence,20604.0
550.L1S81.s.1.sequence,20491.0
550.L4S251.s.4.sequence,20477.0
550.L4S234.s.4.sequence,20473.0
550.L6S52.s.6.sequence,20403.0
550.L1S55.s.1.sequence,20303.0
550.L1S169.s.1.sequence,20241.0
550.L2S119.s.2.sequence,20236.0
550.L4S239.s.4.sequence,20227.0
550.L6S62.s.6.sequence,20178.0
550.L4S231.s.4.sequence,20175.0
550.L1S175.s.1.sequence,20162.0
550.L4S224.s.4.sequence,20120.0
550.L1S5.s.1.sequence,20114.0
550.L2S76.s.2.sequence,20072.0
550.L1S58.s.1.sequence,20072.0
550.L4S227.s.4.sequence,20053.0
550.L1S123.s.1.sequence,20026.0
550.L1S257.s.1.sequence,20025.0
550.L2S84.s.2.sequence,20021.0
550.L4S230.s.4.sequence,20014.0
550.L1S247.s.1.sequence,19981.0
550.L1S171.s.1.sequence,19964.0
550.L6S130.s.6.sequence,19943.0
550.L1S22.s.1.sequence,19937.0
550.L1S180.s.1.sequence,19868.0
550.L2S332.s.2.sequence,19713.0
550.L4S243.s.4.sequence,19621.0
550.L1S125.s.1.sequence,19569.0
550.L1S31.s.1.sequence,19495.0
550.L4S245.s.4.sequence,19399.0
550.L2S287.s.2.sequence,19365.0
550.L4S247.s.4.sequence,19277.0
550.L1S29.s.1.sequence,19271.0
550.L1S151.s.1.sequence,19246.0
550.L4S168.s.4.sequence,19210.0
550.L1S375.s.1.sequence,19179.0
550.L6S43.s.6.sequence,19139.0
550.L1S110.s.1.sequence,19053.0
550.L1S1.s.1.sequence,19009.0
550.L1S79.s.1.sequence,18892.0
550.L1S51.s.1.sequence,18783.0
550.L1S82.s.1.sequence,18771.0
550.L1S90.s.1.sequence,18673.0
550.L6S273.s.6.sequence,18661.0
550.L1S91.s.1.sequence,18597.0
550.L1S274.s.1.sequence,18589.0
550.L4S215.s.4.sequence,18537.0
550.L4S236.s.4.sequence,18536.0
550.L2S10.s.2.sequence,18521.0
550.L4S242.s.4.sequence,18441.0
550.L2S185.s.2.sequence,18316.0
550.L4S220.s.4.sequence,17956.0
550.L2S193.s.2.sequence,17949.0
550.L4S229.s.4.sequence,17893.0
550.L1S3.s.1.sequence,17802.0
550.L2S104.s.2.sequence,17774.0
550.L2S264.s.2.sequence,17706.0
550.L2S136.s.2.sequence,17606.0
550.L2S160.s.2.sequence,17559.0
550.L2S191.s.2.sequence,17510.0
550.L1S124.s.1.sequence,17471.0
550.L2S153.s.2.sequence,17367.0
550.L4S235.s.4.sequence,17337.0
550.L4S285.s.4.sequence,17330.0
550.L2S284.s.2.sequence,16913.0
550.L2S283.s.2.sequence,16886.0
550.L1S27.s.1.sequence,16885.0
550.L2S224.s.2.sequence,16817.0
550.L2S303.s.2.sequence,16742.0
550.L2S248.s.2.sequence,16731.0
550.L2S145.s.2.sequence,16600.0
550.L4S196.s.4.sequence,16534.0
550.L2S175.s.2.sequence,16363.0
550.L2S376.s.2.sequence,16358.0
550.L2S246.s.2.sequence,16346.0
550.L2S133.s.2.sequence,16292.0
550.L2S279.s.2.sequence,16283.0
550.L1S63.s.1.sequence,16268.0
550.L2S71.s.2.sequence,16242.0
550.L2S281.s.2.sequence,16164.0
550.L2S111.s.2.sequence,16138.0
550.L2S146.s.2.sequence,16121.0
550.L2S34.s.2.sequence,16100.0
550.L1S379.s.1.sequence,16054.0
550.L2S108.s.2.sequence,15947.0
550.L2S139.s.2.sequence,15912.0
550.L1S47.s.1.sequence,15906.0
550.L2S113.s.2.sequence,15827.0
550.L2S116.s.2.sequence,15759.0
550.L1S6.s.1.sequence,15728.0
550.L2S97.s.2.sequence,15668.0
550.L1S172.s.1.sequence,15629.0
550.L2S258.s.2.sequence,15573.0
550.L1S7.s.1.sequence,15571.0
550.L1S4.s.1.sequence,15551.0
550.L2S194.s.2.sequence,15463.0
550.L2S141.s.2.sequence,15426.0
550.L1S18.s.1.sequence,15416.0
550.L2S142.s.2.sequence,15369.0
550.L2S112.s.2.sequence,15367.0
550.L2S356.s.2.sequence,15354.0
550.L2S148.s.2.sequence,15321.0
550.L2S379.s.2.sequence,15283.0
550.L2S223.s.2.sequence,15220.0
550.L2S135.s.2.sequence,15141.0
550.L2S187.s.2.sequence,15137.0
550.L2S276.s.2.sequence,15102.0
550.L2S278.s.2.sequence,15049.0
550.L2S305.s.2.sequence,15023.0
550.L2S167.s.2.sequence,14936.0
550.L2S257.s.2.sequence,14900.0
550.L2S117.s.2.sequence,14827.0
550.L2S98.s.2.sequence,14812.0
550.L2S137.s.2.sequence,14727.0
550.L2S181.s.2.sequence,14710.0
550.L2S163.s.2.sequence,14654.0
550.L2S100.s.2.sequence,14605.0
550.L2S301.s.2.sequence,14557.0
550.L2S105.s.2.sequence,14509.0
550.L2S132.s.2.sequence,14488.0
550.L2S140.s.2.sequence,14468.0
550.L2S382.s.2.sequence,14462.0
550.L2S197.s.2.sequence,14431.0
550.L2S239.s.2.sequence,14358.0
550.L4S238.s.4.sequence,14354.0
550.L2S201.s.2.sequence,14333.0
550.L2S360.s.2.sequence,14317.0
550.L2S114.s.2.sequence,14308.0
550.L2S159.s.2.sequence,14305.0
550.L2S155.s.2.sequence,14285.0
550.L2S221.s.2.sequence,14256.0
550.L2S235.s.2.sequence,14227.0
550.L2S199.s.2.sequence,14221.0
550.L2S126.s.2.sequence,14196.0
550.L2S130.s.2.sequence,14181.0
550.L4S226.s.4.sequence,14161.0
550.L2S249.s.2.sequence,14155.0
550.L2S218.s.2.sequence,14134.0
550.L2S369.s.2.sequence,14127.0
550.L2S200.s.2.sequence,14116.0
550.L2S383.s.2.sequence,14109.0
550.L2S198.s.2.sequence,14109.0
550.L2S182.s.2.sequence,14049.0
550.L2S296.s.2.sequence,14027.0
550.L2S282.s.2.sequence,14022.0
550.L2S280.s.2.sequence,13994.0
550.L2S173.s.2.sequence,13989.0
550.L2S109.s.2.sequence,13932.0
550.L2S232.s.2.sequence,13910.0
550.L2S152.s.2.sequence,13900.0
550.L2S151.s.2.sequence,13886.0
550.L2S122.s.2.sequence,13848.0
550.L2S290.s.2.sequence,13824.0
550.L1S374.s.1.sequence,13761.0
550.L2S233.s.2.sequence,13745.0
550.L2S30.s.2.sequence,13714.0
550.L2S184.s.2.sequence,13689.0
550.L2S171.s.2.sequence,13670.0
550.L2S241.s.2.sequence,13664.0
550.L2S219.s.2.sequence,13637.0
550.L2S162.s.2.sequence,13618.0
550.L2S320.s.2.sequence,13614.0
550.L2S144.s.2.sequence,13591.0
550.L2S242.s.2.sequence,13581.0
550.L2S270.s.2.sequence,13555.0
550.L2S318.s.2.sequence,13480.0
550.L2S215.s.2.sequence,13459.0
550.L2S120.s.2.sequence,13413.0
550.L2S230.s.2.sequence,13403.0
550.L4S244.s.4.sequence,13395.0
550.L2S129.s.2.sequence,13395.0
550.L2S286.s.2.sequence,13318.0
550.L2S247.s.2.sequence,13309.0
550.L2S321.s.2.sequence,13307.0
550.L2S206.s.2.sequence,13295.0
550.L2S179.s.2.sequence,13276.0
550.L2S147.s.2.sequence,13274.0
550.L2S127.s.2.sequence,13193.0
550.L2S99.s.2.sequence,13172.0
550.L2S196.s.2.sequence,13120.0
550.L2S170.s.2.sequence,13119.0
550.L2S271.s.2.sequence,13119.0
550.L2S250.s.2.sequence,13099.0
550.L2S293.s.2.sequence,13082.0
550.L2S172.s.2.sequence,13061.0
550.L2S256.s.2.sequence,13042.0
550.L2S161.s.2.sequence,13038.0
550.L2S134.s.2.sequence,13035.0
550.L2S124.s.2.sequence,13031.0
550.L2S344.s.2.sequence,13022.0
550.L2S138.s.2.sequence,12999.0
550.L2S214.s.2.sequence,12992.0
550.L2S190.s.2.sequence,12973.0
550.L2S277.s.2.sequence,12956.0
550.L2S306.s.2.sequence,12839.0
550.L2S269.s.2.sequence,12834.0
550.L2S183.s.2.sequence,12761.0
550.L2S297.s.2.sequence,12751.0
550.L2S329.s.2.sequence,12675.0
550.L2S273.s.2.sequence,12674.0
550.L2S229.s.2.sequence,12661.0
550.L2S354.s.2.sequence,12660.0
550.L2S174.s.2.sequence,12621.0
550.L2S313.s.2.sequence,12620.0
550.L2S314.s.2.sequence,12554.0
550.L2S361.s.2.sequence,12550.0
550.L2S121.s.2.sequence,12542.0
550.L2S254.s.2.sequence,12512.0
550.L2S263.s.2.sequence,12507.0
550.L2S228.s.2.sequence,12499.0
550.L2S150.s.2.sequence,12483.0
550.L2S209.s.2.sequence,12446.0
550.L2S110.s.2.sequence,12438.0
550.L2S342.s.2.sequence,12382.0
550.L2S285.s.2.sequence,12357.0
550.L2S243.s.2.sequence,12347.0
550.L2S188.s.2.sequence,12331.0
550.L2S168.s.2.sequence,12329.0
550.L2S255.s.2.sequence,12273.0
550.L2S176.s.2.sequence,12151.0
550.L2S377.s.2.sequence,12107.0
550.L2S292.s.2.sequence,12054.0
550.L2S322.s.2.sequence,12008.0
550.L2S178.s.2.sequence,12008.0
550.L2S157.s.2.sequence,11986.0
550.L2S378.s.2.sequence,11981.0
550.L2S154.s.2.sequence,11975.0
550.L2S291.s.2.sequence,11938.0
550.L2S251.s.2.sequence,11932.0
550.L2S308.s.2.sequence,11920.0
550.L2S327.s.2.sequence,11892.0
550.L2S374.s.2.sequence,11865.0
550.L2S180.s.2.sequence,11861.0
550.L2S245.s.2.sequence,11825.0
550.L2S143.s.2.sequence,11776.0
550.L2S204.s.2.sequence,11748.0
550.L2S275.s.2.sequence,11704.0
550.L2S238.s.2.sequence,11699.0
550.L2S359.s.2.sequence,11684.0
550.L2S352.s.2.sequence,11678.0
550.L2S106.s.2.sequence,11608.0
550.L2S149.s.2.sequence,11595.0
550.L2S189.s.2.sequence,11567.0
550.L2S265.s.2.sequence,11561.0
550.L2S237.s.2.sequence,11542.0
550.L2S294.s.2.sequence,11535.0
550.L2S101.s.2.sequence,11521.0
550.L2S211.s.2.sequence,11515.0
550.L2S268.s.2.sequence,11506.0
550.L2S118.s.2.sequence,11504.0
550.L2S367.s.2.sequence,11486.0
550.L2S252.s.2.sequence,11457.0
550.L2S231.s.2.sequence,11448.0
550.L2S102.s.2.sequence,11422.0
550.L2S212.s.2.sequence,11332.0
550.L2S115.s.2.sequence,11246.0
550.L2S208.s.2.sequence,11231.0
550.L2S226.s.2.sequence,11230.0
550.L2S156.s.2.sequence,11213.0
550.L2S164.s.2.sequence,11170.0
550.L2S220.s.2.sequence,11145.0
550.L2S317.s.2.sequence,11141.0
550.L2S336.s.2.sequence,11110.0
550.L2S350.s.2.sequence,11093.0
550.L2S298.s.2.sequence,11069.0
550.L2S165.s.2.sequence,11016.0
550.L2S225.s.2.sequence,11003.0
550.L1S372.s.1.sequence,10907.0
550.L2S262.s.2.sequence,10894.0
550.L2S333.s.2.sequence,10892.0
550.L2S351.s.2.sequence,10876.0
550.L2S169.s.2.sequence,10832.0
550.L2S234.s.2.sequence,10813.0
550.L2S222.s.2.sequence,10804.0
550.L2S325.s.2.sequence,10791.0
550.L2S373.s.2.sequence,10771.0
550.L2S259.s.2.sequence,10767.0
550.L2S195.s.2.sequence,10746.0
550.L2S103.s.2.sequence,10677.0
550.L2S272.s.2.sequence,10657.0
550.L2S107.s.2.sequence,10637.0
550.L2S312.s.2.sequence,10611.0
550.L2S381.s.2.sequence,10591.0
550.L2S227.s.2.sequence,10535.0
550.L2S166.s.2.sequence,10517.0
550.L2S289.s.2.sequence,10499.0
550.L2S158.s.2.sequence,10497.0
550.L2S330.s.2.sequence,10474.0
550.L2S355.s.2.sequence,10392.0
550.L2S213.s.2.sequence,10344.0
550.L2S370.s.2.sequence,10313.0
550.L2S315.s.2.sequence,10272.0
550.L2S343.s.2.sequence,10268.0
550.L5S209.s.5.sequence,10253.0
550.L2S326.s.2.sequence,10246.0
550.L2S207.s.2.sequence,10240.0
550.L2S300.s.2.sequence,10219.0
550.L2S371.s.2.sequence,10206.0
550.L2S304.s.2.sequence,10183.0
550.L2S186.s.2.sequence,10172.0
550.L2S310.s.2.sequence,10163.0
550.L2S337.s.2.sequence,10151.0
550.L2S363.s.2.sequence,10133.0
550.L2S131.s.2.sequence,10131.0
550.L2S362.s.2.sequence,10097.0
550.L2S347.s.2.sequence,10085.0
550.L2S323.s.2.sequence,10057.0
550.L2S210.s.2.sequence,10001.0
550.L2S217.s.2.sequence,9975.0
550.L2S244.s.2.sequence,9965.0
550.L2S203.s.2.sequence,9895.0
550.L5S118.s.5.sequence,9886.0
550.L2S348.s.2.sequence,9878.0
550.L5S212.s.5.sequence,9875.0
550.L2S260.s.2.sequence,9865.0
550.L2S205.s.2.sequence,9829.0
550.L2S319.s.2.sequence,9804.0
550.L2S128.s.2.sequence,9803.0
550.L5S149.s.5.sequence,9739.0
550.L2S274.s.2.sequence,9719.0
550.L2S341.s.2.sequence,9695.0
550.L5S272.s.5.sequence,9632.0
550.L2S125.s.2.sequence,9543.0
550.L5S158.s.5.sequence,9540.0
550.L5S152.s.5.sequence,9504.0
550.L2S334.s.2.sequence,9496.0
550.L2S335.s.2.sequence,9402.0
550.L5S179.s.5.sequence,9294.0
550.L2S328.s.2.sequence,9207.0
550.L5S276.s.5.sequence,9189.0
550.L5S136.s.5.sequence,9183.0
550.L5S222.s.5.sequence,9172.0
550.L2S253.s.2.sequence,9166.0
550.L2S307.s.2.sequence,9164.0
550.L2S345.s.2.sequence,9142.0
550.L5S102.s.5.sequence,9118.0
550.L2S331.s.2.sequence,9113.0
550.L2S358.s.2.sequence,9112.0
550.L2S372.s.2.sequence,9109.0
550.L5S237.s.5.sequence,9095.0
550.L2S353.s.2.sequence,9083.0
550.L2S261.s.2.sequence,9076.0
550.L5S198.s.5.sequence,9069.0
550.L5S188.s.5.sequence,9067.0
550.L2S302.s.2.sequence,9004.0
550.L5S191.s.5.sequence,8977.0
550.L5S112.s.5.sequence,8958.0
550.L5S262.s.5.sequence,8930.0
550.L5S135.s.5.sequence,8930.0
550.L2S311.s.2.sequence,8924.0
550.L2S349.s.2.sequence,8908.0
550.L2S365.s.2.sequence,8903.0
550.L5S111.s.5.sequence,8875.0
550.L2S366.s.2.sequence,8875.0
550.L5S142.s.5.sequence,8842.0
550.L5S286.s.5.sequence,8801.0
550.L5S159.s.5.sequence,8796.0
550.L5S229.s.5.sequence,8758.0
550.L2S299.s.2.sequence,8715.0
550.L5S258.s.5.sequence,8698.0
550.L5S168.s.5.sequence,8660.0
550.L5S183.s.5.sequence,8657.0
550.L5S214.s.5.sequence,8642.0
550.L2S357.s.2.sequence,8602.0
550.L2S346.s.2.sequence,8601.0
550.L2S202.s.2.sequence,8583.0
550.L5S275.s.5.sequence,8547.0
550.L5S199.s.5.sequence,8486.0
550.L5S137.s.5.sequence,8470.0
550.L5S103.s.5.sequence,8468.0
550.L5S120.s.5.sequence,8462.0
550.L5S224.s.5.sequence,8454.0
550.L2S368.s.2.sequence,8434.0
550.L5S266.s.5.sequence,8434.0
550.L2S380.s.2.sequence,8418.0
550.L5S126.s.5.sequence,8358.0
550.L5S101.s.5.sequence,8325.0
550.L5S278.s.5.sequence,8306.0
550.L5S238.s.5.sequence,8279.0
550.L5S127.s.5.sequence,8278.0
550.L5S104.s.5.sequence,8211.0
550.L2S339.s.2.sequence,8196.0
550.L5S166.s.5.sequence,8129.0
550.L5S113.s.5.sequence,8109.0
550.L5S189.s.5.sequence,8088.0
550.L5S274.s.5.sequence,8086.0
550.L5S282.s.5.sequence,8082.0
550.L5S215.s.5.sequence,8077.0
550.L5S119.s.5.sequence,8058.0
550.L5S97.s.5.sequence,8005.0
550.L5S115.s.5.sequence,7999.0
550.L5S125.s.5.sequence,7992.0
550.L5S167.s.5.sequence,7946.0
550.L2S123.s.2.sequence,7944.0
550.L5S190.s.5.sequence,7943.0
550.L5S218.s.5.sequence,7941.0
550.L5S200.s.5.sequence,7920.0
550.L5S184.s.5.sequence,7916.0
550.L5S175.s.5.sequence,7910.0
550.L2S295.s.2.sequence,7901.0
550.L5S132.s.5.sequence,7866.0
550.L5S164.s.5.sequence,7850.0
550.L5S134.s.5.sequence,7845.0
550.L5S171.s.5.sequence,7838.0
550.L5S248.s.5.sequence,7837.0
550.L5S154.s.5.sequence,7833.0
550.L2S324.s.2.sequence,7821.0
550.L5S128.s.5.sequence,7812.0
550.L5S144.s.5.sequence,7811.0
550.L5S251.s.5.sequence,7801.0
550.L5S160.s.5.sequence,7771.0
550.L5S285.s.5.sequence,7723.0
550.L5S177.s.5.sequence,7708.0
550.L5S196.s.5.sequence,7698.0
550.L5S207.s.5.sequence,7688.0
550.L5S201.s.5.sequence,7682.0
550.L5S153.s.5.sequence,7677.0
550.L5S280.s.5.sequence,7657.0
550.L5S156.s.5.sequence,7651.0
550.L5S157.s.5.sequence,7633.0
550.L5S162.s.5.sequence,7596.0
550.L5S105.s.5.sequence,7575.0
550.L5S202.s.5.sequence,7560.0
550.L5S213.s.5.sequence,7534.0
550.L5S187.s.5.sequence,7500.0
550.L5S110.s.5.sequence,7498.0
550.L5S233.s.5.sequence,7481.0
550.L5S161.s.5.sequence,7480.0
550.L5S180.s.5.sequence,7471.0
550.L5S241.s.5.sequence,7468.0
550.L5S116.s.5.sequence,7466.0
550.L5S223.s.5.sequence,7422.0
550.L5S197.s.5.sequence,7420.0
550.L5S182.s.5.sequence,7385.0
550.L5S203.s.5.sequence,7368.0
550.L5S204.s.5.sequence,7341.0
550.L5S246.s.5.sequence,7335.0
550.L5S219.s.5.sequence,7323.0
550.L5S220.s.5.sequence,7322.0
550.L5S194.s.5.sequence,7317.0
550.L5S277.s.5.sequence,7285.0
550.L5S100.s.5.sequence,7283.0
550.L5S185.s.5.sequence,7250.0
550.L5S271.s.5.sequence,7243.0
550.L5S260.s.5.sequence,7238.0
550.L5S257.s.5.sequence,7233.0
550.L5S181.s.5.sequence,7214.0
550.L5S129.s.5.sequence,7212.0
550.L5S193.s.5.sequence,7211.0
550.L2S236.s.2.sequence,7210.0
550.L5S279.s.5.sequence,7191.0
550.L5S259.s.5.sequence,7188.0
550.L5S117.s.5.sequence,7169.0
550.L5S195.s.5.sequence,7162.0
550.L5S109.s.5.sequence,7139.0
550.L5S226.s.5.sequence,7105.0
550.L5S133.s.5.sequence,7097.0
550.L5S122.s.5.sequence,7087.0
550.L5S163.s.5.sequence,7075.0
550.L5S221.s.5.sequence,7065.0
550.L3S304.s.3.sequence,7062.0
550.L5S256.s.5.sequence,7049.0
550.L5S210.s.5.sequence,7047.0
550.L5S165.s.5.sequence,7020.0
550.L5S217.s.5.sequence,7011.0
550.L2S364.s.2.sequence,7000.0
550.L5S232.s.5.sequence,6990.0
550.L5S150.s.5.sequence,6973.0
550.L5S208.s.5.sequence,6961.0
550.L5S176.s.5.sequence,6959.0
550.L5S206.s.5.sequence,6909.0
550.L5S254.s.5.sequence,6894.0
550.L5S138.s.5.sequence,6888.0
550.L5S186.s.5.sequence,6839.0
550.L5S205.s.5.sequence,6833.0
550.L5S173.s.5.sequence,6821.0
550.L5S174.s.5.sequence,6818.0
550.L5S216.s.5.sequence,6814.0
550.L5S230.s.5.sequence,6807.0
550.L5S240.s.5.sequence,6806.0
550.L5S273.s.5.sequence,6780.0
550.L5S99.s.5.sequence,6755.0
550.L5S239.s.5.sequence,6744.0
550.L5S249.s.5.sequence,6737.0
550.L5S151.s.5.sequence,6724.0
550.L5S225.s.5.sequence,6718.0
550.L5S228.s.5.sequence,6717.0
550.L5S141.s.5.sequence,6716.0
550.L5S247.s.5.sequence,6712.0
550.L5S211.s.5.sequence,6705.0
550.L5S143.s.5.sequence,6703.0
550.L5S261.s.5.sequence,6696.0
550.L5S255.s.5.sequence,6658.0
550.L5S253.s.5.sequence,6657.0
550.L5S270.s.5.sequence,6655.0
550.L5S106.s.5.sequence,6621.0
550.L5S121.s.5.sequence,6608.0
550.L5S178.s.5.sequence,6578.0
550.L5S114.s.5.sequence,6565.0
550.L5S244.s.5.sequence,6564.0
550.L5S172.s.5.sequence,6562.0
550.L5S170.s.5.sequence,6542.0
550.L5S98.s.5.sequence,6503.0
550.L3S42.s.3.sequence,6481.0
550.L5S145.s.5.sequence,6398.0
550.L5S265.s.5.sequence,6378.0
550.L5S267.s.5.sequence,6377.0
550.L5S234.s.5.sequence,6349.0
550.L5S169.s.5.sequence,6342.0
550.L5S139.s.5.sequence,6340.0
550.L2S338.s.2.sequence,6312.0
550.L3S329.s.3.sequence,6302.0
550.L5S130.s.5.sequence,6270.0
550.L5S236.s.5.sequence,6237.0
550.L5S235.s.5.sequence,6231.0
550.L5S268.s.5.sequence,6212.0
550.L5S252.s.5.sequence,6177.0
550.L5S281.s.5.sequence,6147.0
550.L5S155.s.5.sequence,6127.0
550.L5S283.s.5.sequence,6126.0
550.L5S131.s.5.sequence,6125.0
550.L5S264.s.5.sequence,6121.0
550.L5S140.s.5.sequence,6080.0
550.L5S243.s.5.sequence,6073.0
550.L5S123.s.5.sequence,6072.0
550.L5S231.s.5.sequence,6051.0
550.L5S227.s.5.sequence,6051.0
550.L5S284.s.5.sequence,6014.0
550.L5S147.s.5.sequence,6003.0
550.L5S242.s.5.sequence,5941.0
550.L5S148.s.5.sequence,5937.0
550.L2S340.s.2.sequence,5917.0
550.L5S250.s.5.sequence,5845.0
550.L5S245.s.5.sequence,5842.0
550.L5S108.s.5.sequence,5772.0
550.L5S269.s.5.sequence,5639.0
550.L2S316.s.2.sequence,5633.0
550.L3S379.s.3.sequence,5627.0
550.L5S146.s.5.sequence,5607.0
550.L2S309.s.2.sequence,5379.0
550.L5S2.s.5.sequence,5377.0
550.L5S25.s.5.sequence,5375.0
550.L3S323.s.3.sequence,5327.0
550.L3S380.s.3.sequence,5238.0
550.L3S280.s.3.sequence,5183.0
550.L3S3.s.3.sequence,5182.0
550.L3S177.s.3.sequence,5177.0
550.L5S41.s.5.sequence,5108.0
550.L5S69.s.5.sequence,5013.0
550.L3S49.s.3.sequence,5010.0
550.L3S319.s.3.sequence,4996.0
550.L5S107.s.5.sequence,4983.0
550.L3S284.s.3.sequence,4962.0
550.L3S8.s.3.sequence,4930.0
550.L3S1.s.3.sequence,4871.0
550.L3S289.s.3.sequence,4828.0
550.L3S377.s.3.sequence,4825.0
550.L3S7.s.3.sequence,4805.0
550.L5S64.s.5.sequence,4802.0
550.L3S278.s.3.sequence,4794.0
550.L3S381.s.3.sequence,4780.0
550.L3S33.s.3.sequence,4775.0
550.L5S42.s.5.sequence,4754.0
550.L3S378.s.3.sequence,4734.0
550.L5S77.s.5.sequence,4732.0
550.L3S47.s.3.sequence,4717.0
550.L5S9.s.5.sequence,4702.0
550.L3S41.s.3.sequence,4682.0
550.L3S34.s.3.sequence,4647.0
550.L3S247.s.3.sequence,4646.0
550.L3S382.s.3.sequence,4598.0
550.L5S22.s.5.sequence,4597.0
550.L3S201.s.3.sequence,4595.0
550.L5S14.s.5.sequence,4577.0
550.L5S8.s.5.sequence,4573.0
550.L3S279.s.3.sequence,4571.0
550.L3S260.s.3.sequence,4568.0
550.L5S124.s.5.sequence,4555.0
550.L5S62.s.5.sequence,4553.0
550.L3S17.s.3.sequence,4522.0
550.L3S15.s.3.sequence,4513.0
550.L3S217.s.3.sequence,4500.0
550.L3S79.s.3.sequence,4487.0
550.L3S310.s.3.sequence,4487.0
550.L3S264.s.3.sequence,4478.0
550.L5S72.s.5.sequence,4466.0
550.L5S263.s.5.sequence,4459.0
550.L5S58.s.5.sequence,4456.0
550.L3S300.s.3.sequence,4452.0
550.L3S283.s.3.sequence,4446.0
550.L3S19.s.3.sequence,4444.0
550.L3S312.s.3.sequence,4438.0
550.L5S20.s.5.sequence,4425.0
550.L3S376.s.3.sequence,4421.0
550.L3S228.s.3.sequence,4403.0
550.L3S257.s.3.sequence,4403.0
550.L3S198.s.3.sequence,4391.0
550.L3S256.s.3.sequence,4376.0
550.L3S86.s.3.sequence,4363.0
550.L3S67.s.3.sequence,4361.0
550.L3S213.s.3.sequence,4361.0
550.L5S10.s.5.sequence,4355.0
550.L3S222.s.3.sequence,4346.0
550.L3S78.s.3.sequence,4342.0
550.L3S214.s.3.sequence,4325.0
550.L3S285.s.3.sequence,4313.0
550.L3S75.s.3.sequence,4310.0
550.L5S17.s.5.sequence,4306.0
550.L3S26.s.3.sequence,4301.0
550.L3S374.s.3.sequence,4295.0
550.L3S298.s.3.sequence,4291.0
550.L3S82.s.3.sequence,4275.0
550.L5S24.s.5.sequence,4275.0
550.L5S49.s.5.sequence,4268.0
550.L3S38.s.3.sequence,4266.0
550.L3S331.s.3.sequence,4264.0
550.L5S44.s.5.sequence,4261.0
550.L3S276.s.3.sequence,4258.0
550.L3S27.s.3.sequence,4258.0
550.L3S336.s.3.sequence,4241.0
550.L5S53.s.5.sequence,4241.0
550.L3S353.s.3.sequence,4237.0
550.L5S43.s.5.sequence,4233.0
550.L3S48.s.3.sequence,4223.0
550.L5S3.s.5.sequence,4220.0
550.L3S121.s.3.sequence,4213.0
550.L3S295.s.3.sequence,4212.0
550.L3S296.s.3.sequence,4208.0
550.L3S209.s.3.sequence,4206.0
550.L3S70.s.3.sequence,4192.0
550.L3S210.s.3.sequence,4179.0
550.L5S63.s.5.sequence,4123.0
550.L3S11.s.3.sequence,4117.0
550.L5S68.s.5.sequence,4105.0
550.L3S10.s.3.sequence,4095.0
550.L5S35.s.5.sequence,4084.0
550.L3S314.s.3.sequence,4078.0
550.L3S2.s.3.sequence,4071.0
550.L5S18.s.5.sequence,4067.0
550.L3S281.s.3.sequence,4063.0
550.L3S193.s.3.sequence,4061.0
550.L5S66.s.5.sequence,4057.0
550.L5S40.s.5.sequence,4056.0
550.L3S258.s.3.sequence,4050.0
550.L3S286.s.3.sequence,4049.0
550.L3S294.s.3.sequence,4048.0
550.L3S25.s.3.sequence,4047.0
550.L3S330.s.3.sequence,4043.0
550.L3S305.s.3.sequence,4042.0
550.L3S368.s.3.sequence,4039.0
550.L3S352.s.3.sequence,4034.0
550.L3S297.s.3.sequence,4024.0
550.L3S37.s.3.sequence,4004.0
550.L5S4.s.5.sequence,3998.0
550.L3S9.s.3.sequence,3992.0
550.L3S6.s.3.sequence,3990.0
550.L5S26.s.5.sequence,3983.0
550.L3S216.s.3.sequence,3977.0
550.L3S212.s.3.sequence,3976.0
550.L3S282.s.3.sequence,3969.0
550.L3S199.s.3.sequence,3959.0
550.L3S94.s.3.sequence,3954.0
550.L3S287.s.3.sequence,3953.0
550.L5S1.s.5.sequence,3953.0
550.L3S71.s.3.sequence,3952.0
550.L3S200.s.3.sequence,3950.0
550.L3S303.s.3.sequence,3938.0
550.L3S194.s.3.sequence,3937.0
550.L3S215.s.3.sequence,3934.0
550.L3S90.s.3.sequence,3933.0
550.L3S308.s.3.sequence,3916.0
550.L3S73.s.3.sequence,3913.0
550.L5S21.s.5.sequence,3906.0
550.L3S263.s.3.sequence,3902.0
550.L5S61.s.5.sequence,3891.0
550.L3S371.s.3.sequence,3886.0
550.L3S241.s.3.sequence,3885.0
550.L3S18.s.3.sequence,3876.0
550.L5S57.s.5.sequence,3863.0
550.L5S59.s.5.sequence,3862.0
550.L3S302.s.3.sequence,3859.0
550.L3S236.s.3.sequence,3855.0
550.L3S226.s.3.sequence,3837.0
550.L3S313.s.3.sequence,3828.0
550.L3S80.s.3.sequence,3825.0
550.L3S316.s.3.sequence,3817.0
550.L3S320.s.3.sequence,3812.0
550.L5S6.s.5.sequence,3811.0
550.L3S218.s.3.sequence,3806.0
550.L3S292.s.3.sequence,3803.0
550.L5S60.s.5.sequence,3797.0
550.L3S361.s.3.sequence,3796.0
550.L3S272.s.3.sequence,3795.0
550.L5S51.s.5.sequence,3792.0
550.L5S54.s.5.sequence,3778.0
550.L3S328.s.3.sequence,3776.0
550.L5S67.s.5.sequence,3773.0
550.L3S46.s.3.sequence,3772.0
550.L3S301.s.3.sequence,3770.0
550.L3S344.s.3.sequence,3766.0
550.L3S246.s.3.sequence,3764.0
550.L5S16.s.5.sequence,3760.0
550.L3S31.s.3.sequence,3760.0
550.L5S76.s.5.sequence,3758.0
550.L5S29.s.5.sequence,3757.0
550.L3S65.s.3.sequence,3753.0
550.L5S65.s.5.sequence,3748.0
550.L3S202.s.3.sequence,3743.0
550.L3S266.s.3.sequence,3742.0
550.L3S4.s.3.sequence,3738.0
550.L5S70.s.5.sequence,3736.0
550.L5S13.s.5.sequence,3731.0
550.L3S40.s.3.sequence,3722.0
550.L5S50.s.5.sequence,3717.0
550.L3S30.s.3.sequence,3716.0
550.L3S62.s.3.sequence,3715.0
550.L3S50.s.3.sequence,3715.0
550.L3S274.s.3.sequence,3712.0
550.L3S356.s.3.sequence,3709.0
550.L3S238.s.3.sequence,3709.0
550.L3S350.s.3.sequence,3704.0
550.L3S35.s.3.sequence,3694.0
550.L3S354.s.3.sequence,3687.0
550.L3S112.s.3.sequence,3685.0
550.L3S271.s.3.sequence,3685.0
550.L3S84.s.3.sequence,3677.0
550.L3S268.s.3.sequence,3669.0
550.L3S318.s.3.sequence,3668.0
550.L3S351.s.3.sequence,3666.0
550.L3S248.s.3.sequence,3662.0
550.L3S337.s.3.sequence,3659.0
550.L3S307.s.3.sequence,3638.0
550.L3S44.s.3.sequence,3638.0
550.L3S315.s.3.sequence,3634.0
550.L3S32.s.3.sequence,3632.0
550.L3S244.s.3.sequence,3630.0
550.L5S74.s.5.sequence,3621.0
550.L3S43.s.3.sequence,3617.0
550.L5S73.s.5.sequence,3616.0
550.L5S12.s.5.sequence,3611.0
550.L3S290.s.3.sequence,3611.0
550.L3S369.s.3.sequence,3600.0
550.L3S88.s.3.sequence,3585.0
550.L3S359.s.3.sequence,3585.0
550.L3S324.s.3.sequence,3583.0
550.L3S224.s.3.sequence,3551.0
550.L3S311.s.3.sequence,3549.0
550.L3S197.s.3.sequence,3540.0
550.L3S291.s.3.sequence,3531.0
550.L5S15.s.5.sequence,3528.0
550.L5S46.s.5.sequence,3527.0
550.L3S20.s.3.sequence,3525.0
550.L5S71.s.5.sequence,3524.0
550.L3S55.s.3.sequence,3523.0
550.L3S250.s.3.sequence,3512.0
550.L3S220.s.3.sequence,3510.0
550.L5S48.s.5.sequence,3510.0
550.L3S321.s.3.sequence,3499.0
550.L5S45.s.5.sequence,3494.0
550.L3S309.s.3.sequence,3492.0
550.L3S223.s.3.sequence,3492.0
550.L3S270.s.3.sequence,3491.0
550.L5S47.s.5.sequence,3491.0
550.L3S95.s.3.sequence,3487.0
550.L3S195.s.3.sequence,3484.0
550.L3S355.s.3.sequence,3473.0
550.L3S254.s.3.sequence,3472.0
550.L3S51.s.3.sequence,3471.0
550.L3S225.s.3.sequence,3465.0
550.L3S22.s.3.sequence,3458.0
550.L3S92.s.3.sequence,3451.0
550.L3S234.s.3.sequence,3445.0
550.L3S146.s.3.sequence,3444.0
550.L3S317.s.3.sequence,3442.0
550.L3S111.s.3.sequence,3439.0
550.L3S207.s.3.sequence,3429.0
550.L3S242.s.3.sequence,3426.0
550.L3S341.s.3.sequence,3422.0
550.L3S53.s.3.sequence,3419.0
550.L3S261.s.3.sequence,3411.0
550.L5S37.s.5.sequence,3410.0
550.L3S211.s.3.sequence,3409.0
550.L3S293.s.3.sequence,3407.0
550.L3S240.s.3.sequence,3400.0
550.L3S12.s.3.sequence,3387.0
550.L3S333.s.3.sequence,3384.0
550.L3S204.s.3.sequence,3377.0
550.L3S349.s.3.sequence,3375.0
550.L3S326.s.3.sequence,3373.0
550.L3S81.s.3.sequence,3368.0
550.L3S14.s.3.sequence,3359.0
550.L5S19.s.5.sequence,3348.0
550.L3S16.s.3.sequence,3347.0
550.L3S255.s.3.sequence,3338.0
550.L5S36.s.5.sequence,3330.0
550.L3S23.s.3.sequence,3326.0
550.L3S5.s.3.sequence,3318.0
550.L5S34.s.5.sequence,3317.0
550.L3S233.s.3.sequence,3295.0
550.L3S267.s.3.sequence,3294.0
550.L3S93.s.3.sequence,3286.0
550.L3S28.s.3.sequence,3281.0
550.L3S122.s.3.sequence,3272.0
550.L3S57.s.3.sequence,3271.0
550.L3S345.s.3.sequence,3253.0
550.L3S364.s.3.sequence,3233.0
550.L3S56.s.3.sequence,3231.0
550.L3S147.s.3.sequence,3230.0
550.L3S373.s.3.sequence,3227.0
550.L3S175.s.3.sequence,3217.0
550.L3S360.s.3.sequence,3214.0
550.L3S120.s.3.sequence,3213.0
550.L3S265.s.3.sequence,3213.0
550.L3S367.s.3.sequence,3204.0
550.L3S24.s.3.sequence,3202.0
550.L3S370.s.3.sequence,3199.0
550.L3S77.s.3.sequence,3189.0
550.L5S75.s.5.sequence,3183.0
550.L3S269.s.3.sequence,3182.0
550.L3S113.s.3.sequence,3182.0
550.L3S185.s.3.sequence,3177.0
550.L3S366.s.3.sequence,3177.0
550.L3S325.s.3.sequence,3176.0
550.L3S358.s.3.sequence,3174.0
550.L3S208.s.3.sequence,3172.0
550.L3S327.s.3.sequence,3168.0
550.L3S348.s.3.sequence,3166.0
550.L3S153.s.3.sequence,3165.0
550.L5S56.s.5.sequence,3163.0
550.L3S372.s.3.sequence,3157.0
550.L3S339.s.3.sequence,3156.0
550.L3S66.s.3.sequence,3155.0
550.L3S262.s.3.sequence,3151.0
550.L3S249.s.3.sequence,3147.0
550.L3S365.s.3.sequence,3144.0
550.L3S363.s.3.sequence,3141.0
550.L3S87.s.3.sequence,3134.0
550.L3S335.s.3.sequence,3127.0
550.L5S39.s.5.sequence,3124.0
550.L3S137.s.3.sequence,3122.0
550.L3S89.s.3.sequence,3122.0
550.L3S21.s.3.sequence,3118.0
550.L3S277.s.3.sequence,3111.0
550.L3S45.s.3.sequence,3100.0
550.L3S322.s.3.sequence,3100.0
550.L3S343.s.3.sequence,3093.0
550.L3S161.s.3.sequence,3080.0
550.L3S191.s.3.sequence,3077.0
550.L3S259.s.3.sequence,3069.0
550.L3S13.s.3.sequence,3064.0
550.L3S347.s.3.sequence,3060.0
550.L3S127.s.3.sequence,3052.0
550.L3S362.s.3.sequence,3051.0
550.L3S178.s.3.sequence,3050.0
550.L3S76.s.3.sequence,3035.0
550.L5S27.s.5.sequence,3035.0
550.L3S205.s.3.sequence,3033.0
550.L5S28.s.5.sequence,3025.0
550.L3S59.s.3.sequence,3021.0
550.L3S239.s.3.sequence,3019.0
550.L3S253.s.3.sequence,3017.0
550.L3S69.s.3.sequence,3016.0
550.L3S375.s.3.sequence,3009.0
550.L3S58.s.3.sequence,3008.0
550.L5S5.s.5.sequence,3006.0
550.L3S91.s.3.sequence,2995.0
550.L3S342.s.3.sequence,2986.0
550.L3S252.s.3.sequence,2983.0
550.L3S227.s.3.sequence,2973.0
550.L3S129.s.3.sequence,2962.0
550.L3S174.s.3.sequence,2953.0
550.L3S52.s.3.sequence,2942.0
550.L3S231.s.3.sequence,2936.0
550.L3S39.s.3.sequence,2934.0
550.L3S306.s.3.sequence,2929.0
550.L3S117.s.3.sequence,2919.0
550.L3S114.s.3.sequence,2893.0
550.L3S338.s.3.sequence,2892.0
550.L3S357.s.3.sequence,2885.0
550.L5S23.s.5.sequence,2883.0
550.L3S123.s.3.sequence,2883.0
550.L3S98.s.3.sequence,2881.0
550.L3S64.s.3.sequence,2875.0
550.L3S332.s.3.sequence,2867.0
550.L3S196.s.3.sequence,2866.0
550.L3S162.s.3.sequence,2866.0
550.L3S275.s.3.sequence,2863.0
550.L3S60.s.3.sequence,2853.0
550.L3S151.s.3.sequence,2824.0
550.L3S243.s.3.sequence,2818.0
550.L3S63.s.3.sequence,2818.0
550.L3S101.s.3.sequence,2802.0
550.L3S105.s.3.sequence,2798.0
550.L3S104.s.3.sequence,2789.0
550.L3S346.s.3.sequence,2781.0
550.L3S83.s.3.sequence,2771.0
550.L3S299.s.3.sequence,2769.0
550.L3S145.s.3.sequence,2768.0
550.L3S68.s.3.sequence,2766.0
550.L3S135.s.3.sequence,2758.0
550.L3S36.s.3.sequence,2755.0
550.L3S203.s.3.sequence,2742.0
550.L3S61.s.3.sequence,2740.0
550.L3S103.s.3.sequence,2738.0
550.L3S245.s.3.sequence,2735.0
550.L3S163.s.3.sequence,2727.0
550.L3S125.s.3.sequence,2714.0
550.L3S340.s.3.sequence,2711.0
550.L3S334.s.3.sequence,2710.0
550.L3S29.s.3.sequence,2703.0
550.L3S97.s.3.sequence,2696.0
550.L3S251.s.3.sequence,2683.0
550.L3S186.s.3.sequence,2670.0
550.L3S118.s.3.sequence,2670.0
550.L3S140.s.3.sequence,2645.0
550.L3S85.s.3.sequence,2645.0
550.L3S132.s.3.sequence,2640.0
550.L3S108.s.3.sequence,2604.0
550.L3S99.s.3.sequence,2601.0
550.L3S119.s.3.sequence,2599.0
550.L3S116.s.3.sequence,2594.0
550.L3S149.s.3.sequence,2576.0
550.L3S190.s.3.sequence,2565.0
550.L3S173.s.3.sequence,2563.0
550.L3S106.s.3.sequence,2559.0
550.L3S219.s.3.sequence,2556.0
550.L3S171.s.3.sequence,2554.0
550.L3S221.s.3.sequence,2545.0
550.L3S100.s.3.sequence,2529.0
550.L3S166.s.3.sequence,2513.0
550.L3S235.s.3.sequence,2480.0
550.L3S133.s.3.sequence,2476.0
550.L3S102.s.3.sequence,2468.0
550.L5S38.s.5.sequence,2452.0
550.L3S128.s.3.sequence,2447.0
550.L3S176.s.3.sequence,2435.0
550.L3S136.s.3.sequence,2423.0
550.L3S134.s.3.sequence,2395.0
550.L3S138.s.3.sequence,2384.0
550.L3S158.s.3.sequence,2343.0
550.L3S230.s.3.sequence,2342.0
550.L3S179.s.3.sequence,2326.0
550.L3S74.s.3.sequence,2321.0
550.L3S237.s.3.sequence,2307.0
550.L3S154.s.3.sequence,2283.0
550.L3S187.s.3.sequence,2271.0
550.L3S109.s.3.sequence,2252.0
550.L3S143.s.3.sequence,2250.0
550.L3S110.s.3.sequence,2246.0
550.L3S124.s.3.sequence,2244.0
550.L3S126.s.3.sequence,2238.0
550.L3S206.s.3.sequence,2218.0
550.L3S159.s.3.sequence,2212.0
550.L3S139.s.3.sequence,2171.0
550.L3S170.s.3.sequence,2171.0
550.L3S142.s.3.sequence,2167.0
550.L3S167.s.3.sequence,2155.0
550.L3S155.s.3.sequence,2136.0
550.L3S115.s.3.sequence,2019.0
550.L3S172.s.3.sequence,1936.0
550.L3S107.s.3.sequence,1911.0
550.L3S164.s.3.sequence,1818.0
550.L3S131.s.3.sequence,1817.0
550.L3S165.s.3.sequence,1816.0
550.L5S55.s.5.sequence,1717.0
550.L5S79.s.5.sequence,1536.0
550.L5S52.s.5.sequence,1491.0
550.L3S148.s.3.sequence,1434.0
550.L3S130.s.3.sequence,1335.0
550.L3S183.s.3.sequence,1045.0
550.L4S210.s.4.sequence,1016.0
550.L3S188.s.3.sequence,893.0
550.L4S211.s.4.sequence,775.0
550.L5S31.s.5.sequence,695.0
550.L4S212.s.4.sequence,685.0
550.L5S32.s.5.sequence,685.0
550.L3S72.s.3.sequence,610.0
550.L5S7.s.5.sequence,267.0
550.L3S229.s.3.sequence,238.0
550.L3S232.s.3.sequence,90.0
550.L5S78.s.5.sequence,86.0
